{
  "description": {
    "title": "",
    "text": ""
  },
  "links_1": {
    "list_pages": false,
    "title": "Páginas",
    "list": []
  },
  "links_2": {
    "list_categories": true,
    "title": "Categorias",
    "list": [
      {
        "text": "Nossa Rede ",
        "url": "https://linktree.com/mentoriaparamulheres"
      },
      {
        "text": "Nosso Site",
        "url": "http://0797e36.contato.site/mentoria-para-mulheres2"
      }
    ]
  },
  "contacts": {
    "title": "Contatos",
    "phone_wpp": true,
    "socials": true,
    "email": true,
    "address": true
  },
  "stamps": [
    {
      "src": "/img/uploads/compra-segura.png",
      "alt": "Compra Segura",
      "link": ""
    }
  ],
  "payment_methods": {
    "pix": true,
    "visa": true,
    "mastercard": true,
    "elo": true,
    "amex": true,
    "hipercard": true,
    "boleto": true
  },
  "credits": ""
}